{
  "accuracy": 0.88,
  "precision": 0.85,
  "recall": 0.85,
  "f1_score": 0.85,
  "cv_mean": 0.89323445708937,
  "cv_std": 0.00897767114876799,
  "best_params": {
    "learning_rate": "0.2",
    "max_depth": "3",
    "n_estimators": "200"
  },
  "feature_importance": {
    "rsi": 0.01302231993064336,
    "macd": 0.2299696174173112,
    "macd_signal": 0.07283703195030208,
    "bb_upper": 0.034794263967010595,
    "bb_lower": 0.0873357276846467,
    "atr": 0.02817723940840495,
    "volume_ratio": 0.01339105961971639,
    "price_momentum": 0.015661592378818444,
    "stoch_k": 0.0017425163385226862,
    "stoch_d": 0.010192894983728064,
    "williams_r": 0.002810885312970347,
    "cci": 0.02312350965217016,
    "sma_20": 0.008450599918419477,
    "sma_50": 0.11109766845476178,
    "ema_12": 0.06646420609443077,
    "ema_26": 0.06314095235696135,
    "price_change_1h": 0.026118445152436456,
    "price_change_4h": 0.026088445997723166,
    "price_change_24h": 0.0,
    "volume_change_1h": 0.00380409422712017,
    "volume_change_4h": 0.005493265918223999,
    "volume_change_24h": 0.0,
    "volatility": 0.0014151007846168425,
    "trend_strength": 0.13046678392917532,
    "support_distance": 0.005015317967321739,
    "resistance_distance": 0.01938646055456384
  },
  "training_date": "2025-08-05T19:30:19.959252"
}