{
  "accuracy": 0.765,
  "precision": 0.7894736842105263,
  "recall": 0.5625,
  "f1_score": 0.656934306569343,
  "cv_mean": 0.7006044100617587,
  "cv_std": 0.05091184037868746,
  "best_params": {
    "C": "10.0",
    "penalty": "l1",
    "solver": "saga"
  },
  "feature_importance": {
    "rsi": 0.6799829573672777,
    "macd": 4.1180836080255085,
    "macd_signal": 2.6570278663154183,
    "bb_upper": 1.427134233090652,
    "bb_lower": 0.0,
    "atr": 3.2909330214056585,
    "volume_ratio": 0.03455462279953162,
    "price_momentum": 0.23264012065474038,
    "stoch_k": 0.15782591984383293,
    "stoch_d": 0.5778899280481055,
    "williams_r": 0.02106973108723055,
    "cci": 0.13871744024208144,
    "sma_20": 0.5663534943394511,
    "sma_50": 0.5011316010998143,
    "ema_12": 1.1138515262045954,
    "ema_26": 0.47229672110444615,
    "price_change_1h": 0.6735675152061856,
    "price_change_4h": 0.010745549740846991,
    "price_change_24h": 0.0,
    "volume_change_1h": 0.38006490934462056,
    "volume_change_4h": 0.40195411790413943,
    "volume_change_24h": 0.0,
    "volatility": 2.916370878118757,
    "trend_strength": 1.7932121930677132,
    "support_distance": 0.1455638436844659,
    "resistance_distance": 0.49482245522252233
  },
  "training_date": "2025-08-05T19:30:20.854449"
}