{
  "accuracy": 0.895,
  "precision": 0.9041095890410958,
  "recall": 0.825,
  "f1_score": 0.8627450980392157,
  "cv_mean": 0.9053297359748974,
  "cv_std": 0.026200786016644946,
  "best_params": {
    "max_depth": "20",
    "min_samples_split": "2",
    "n_estimators": "100"
  },
  "feature_importance": {
    "rsi": 0.02813486256470311,
    "macd": 0.08999411524643756,
    "macd_signal": 0.09087912756861426,
    "bb_upper": 0.0432406479724446,
    "bb_lower": 0.06712543304546557,
    "atr": 0.02894228050870602,
    "volume_ratio": 0.015119683264140262,
    "price_momentum": 0.017150223754700596,
    "stoch_k": 0.015699194613449464,
    "stoch_d": 0.018647766595217267,
    "williams_r": 0.014154352002709945,
    "cci": 0.03185679323724833,
    "sma_20": 0.04693031338389183,
    "sma_50": 0.04354252801929117,
    "ema_12": 0.07449657963784113,
    "ema_26": 0.08268657394288564,
    "price_change_1h": 0.044276232599438116,
    "price_change_4h": 0.041898475572757554,
    "price_change_24h": 0.0,
    "volume_change_1h": 0.01363822759815043,
    "volume_change_4h": 0.017746577208631827,
    "volume_change_24h": 0.0,
    "volatility": 0.02527081231179156,
    "trend_strength": 0.08341804477081884,
    "support_distance": 0.023750606753118842,
    "resistance_distance": 0.041400547827546166
  },
  "training_date": "2025-08-05T19:28:27.194429"
}