{
  "accuracy": 0.91,
  "precision": 0.8974358974358975,
  "recall": 0.875,
  "f1_score": 0.8860759493670887,
  "cv_mean": 0.8989511181362143,
  "cv_std": 0.015150400261108131,
  "best_params": {
    "learning_rate": "0.1",
    "max_depth": "5",
    "n_estimators": "100"
  },
  "feature_importance": {
    "rsi": 0.024862227961421013,
    "macd": 0.11593662202358246,
    "macd_signal": 0.03697476536035538,
    "bb_upper": 0.03995981812477112,
    "bb_lower": 0.09888631105422974,
    "atr": 0.018771719187498093,
    "volume_ratio": 0.041001416742801666,
    "price_momentum": 0.019277164712548256,
    "stoch_k": 0.03354005515575409,
    "stoch_d": 0.04407265782356262,
    "williams_r": 0.013676824979484081,
    "cci": 0.021811949089169502,
    "sma_20": 0.02303200028836727,
    "sma_50": 0.05552009493112564,
    "ema_12": 0.0766107365489006,
    "ema_26": 0.04668590426445007,
    "price_change_1h": 0.026036204770207405,
    "price_change_4h": 0.0261525996029377,
    "price_change_24h": 0.0,
    "volume_change_1h": 0.016365695744752884,
    "volume_change_4h": 0.04049329087138176,
    "volume_change_24h": 0.0,
    "volatility": 0.015411527827382088,
    "trend_strength": 0.08775521069765091,
    "support_distance": 0.030287042260169983,
    "resistance_distance": 0.046878181397914886
  },
  "training_date": "2025-08-05T19:30:33.785654"
}