{
  "accuracy": 0.94,
  "precision": 0.92,
  "recall": 0.696969696969697,
  "f1_score": 0.793103448275862,
  "cv_mean": 0.8339818223539154,
  "cv_std": 0.039734506742913026,
  "best_params": {
    "max_depth": "20",
    "min_samples_split": "2",
    "n_estimators": "200"
  },
  "feature_importance": {
    "rsi": 0.019201406940449823,
    "macd": 0.0388303798294232,
    "macd_signal": 0.06957827793862933,
    "bb_upper": 0.06185636365449767,
    "bb_lower": 0.06519984163307335,
    "atr": 0.04172976115881428,
    "volume_ratio": 0.0165321254885906,
    "price_momentum": 0.018777567063011005,
    "stoch_k": 0.013699935631030414,
    "stoch_d": 0.01437768565940046,
    "williams_r": 0.014968566267142285,
    "cci": 0.016865975923204313,
    "sma_20": 0.0806457570497859,
    "sma_50": 0.07740173989674844,
    "ema_12": 0.0771601955067759,
    "ema_26": 0.09743442622162375,
    "price_change_1h": 0.04728759394479406,
    "price_change_4h": 0.06018491921741969,
    "price_change_24h": 0.0,
    "volume_change_1h": 0.027856038650588215,
    "volume_change_4h": 0.024820757614704567,
    "volume_change_24h": 0.0,
    "volatility": 0.03197594055673601,
    "trend_strength": 0.03085413208675542,
    "support_distance": 0.01891163728679303,
    "resistance_distance": 0.033848974780008416
  },
  "training_date": "2025-08-05T19:32:57.960350"
}