{
  "accuracy": 0.945,
  "precision": 0.8928571428571429,
  "recall": 0.7575757575757576,
  "f1_score": 0.819672131147541,
  "cv_mean": 0.842701313789283,
  "cv_std": 0.01569003294967939,
  "best_params": {
    "learning_rate": "0.1",
    "max_depth": "5",
    "min_child_samples": "20",
    "n_estimators": "100",
    "num_leaves": "31"
  },
  "feature_importance": {
    "rsi": 48.0,
    "macd": 38.0,
    "macd_signal": 51.0,
    "bb_upper": 78.0,
    "bb_lower": 84.0,
    "atr": 85.0,
    "volume_ratio": 46.0,
    "price_momentum": 38.0,
    "stoch_k": 18.0,
    "stoch_d": 24.0,
    "williams_r": 9.0,
    "cci": 17.0,
    "sma_20": 99.0,
    "sma_50": 74.0,
    "ema_12": 21.0,
    "ema_26": 42.0,
    "price_change_1h": 72.0,
    "price_change_4h": 122.0,
    "price_change_24h": 0.0,
    "volume_change_1h": 36.0,
    "volume_change_4h": 47.0,
    "volume_change_24h": 0.0,
    "volatility": 50.0,
    "trend_strength": 43.0,
    "support_distance": 25.0,
    "resistance_distance": 61.0
  },
  "training_date": "2025-08-05T19:35:08.749121"
}