{
  "accuracy": 0.955,
  "precision": 0.9285714285714286,
  "recall": 0.7878787878787878,
  "f1_score": 0.8524590163934426,
  "cv_mean": 0.831316068873194,
  "cv_std": 0.02233810667638367,
  "best_params": {
    "learning_rate": "0.1",
    "max_depth": "5",
    "n_estimators": "100"
  },
  "feature_importance": {
    "rsi": 0.03504765033721924,
    "macd": 0.02149953506886959,
    "macd_signal": 0.16897569596767426,
    "bb_upper": 0.06812053918838501,
    "bb_lower": 0.05137640982866287,
    "atr": 0.05156472697854042,
    "volume_ratio": 0.015339120291173458,
    "price_momentum": 0.024355962872505188,
    "stoch_k": 0.028574146330356598,
    "stoch_d": 0.017958423122763634,
    "williams_r": 0.007752891164273024,
    "cci": 0.013164910487830639,
    "sma_20": 0.09306064993143082,
    "sma_50": 0.047000497579574585,
    "ema_12": 0.11445936560630798,
    "ema_26": 0.032098568975925446,
    "price_change_1h": 0.03935230150818825,
    "price_change_4h": 0.05268286168575287,
    "price_change_24h": 0.0,
    "volume_change_1h": 0.019980352371931076,
    "volume_change_4h": 0.012847048230469227,
    "volume_change_24h": 0.0,
    "volatility": 0.03148142620921135,
    "trend_strength": 0.015701889991760254,
    "support_distance": 0.015240541659295559,
    "resistance_distance": 0.022364553064107895
  },
  "training_date": "2025-08-05T19:35:08.586551"
}