{
  "accuracy": 0.87,
  "precision": 0.8888888888888888,
  "recall": 0.24242424242424243,
  "f1_score": 0.38095238095238093,
  "cv_mean": 0.2925780271898428,
  "cv_std": 0.02646162245108884,
  "best_params": {
    "C": "10.0",
    "penalty": "l1",
    "solver": "liblinear"
  },
  "feature_importance": {
    "rsi": 0.2422504584005906,
    "macd": 0.0,
    "macd_signal": 0.6214177869746172,
    "bb_upper": 0.0,
    "bb_lower": 0.0,
    "atr": 0.23754257025085376,
    "volume_ratio": 0.40071291559860256,
    "price_momentum": 0.2825984363797491,
    "stoch_k": 0.2153967483168475,
    "stoch_d": 0.3507874313071015,
    "williams_r": 0.0,
    "cci": 0.33773457073125857,
    "sma_20": 0.0,
    "sma_50": 1.2801704312601085,
    "ema_12": 0.27251004245800586,
    "ema_26": 0.45224946635012364,
    "price_change_1h": 0.2402679033048175,
    "price_change_4h": 0.689227618857285,
    "price_change_24h": 0.0,
    "volume_change_1h": 0.12267952439543045,
    "volume_change_4h": 0.25250856313966763,
    "volume_change_24h": 0.0,
    "volatility": 0.0,
    "trend_strength": 0.10359414082125953,
    "support_distance": 0.1641955551249322,
    "resistance_distance": 0.4390601716736161
  },
  "training_date": "2025-08-05T19:34:53.824030"
}