{
  "accuracy": 0.96,
  "precision": 0.9310344827586207,
  "recall": 0.8181818181818182,
  "f1_score": 0.8709677419354839,
  "cv_mean": 0.8719230718357739,
  "cv_std": 0.043995548115877095,
  "best_params": {
    "learning_rate": "0.2",
    "max_depth": "3",
    "n_estimators": "100"
  },
  "feature_importance": {
    "rsi": 0.023256176805692436,
    "macd": 0.005072902212872529,
    "macd_signal": 0.07632233635994203,
    "bb_upper": 0.13026810416746787,
    "bb_lower": 0.03223483462096419,
    "atr": 0.02964989901400594,
    "volume_ratio": 0.0034461800785203977,
    "price_momentum": 0.010833683570632198,
    "stoch_k": 0.00041223730040969466,
    "stoch_d": 0.0043406395447942656,
    "williams_r": 0.011546180367342436,
    "cci": 0.0012282302148976993,
    "sma_20": 0.13561484453616984,
    "sma_50": 0.1447230160526395,
    "ema_12": 0.09021440140571049,
    "ema_26": 0.09481516149038599,
    "price_change_1h": 0.039364893887766976,
    "price_change_4h": 0.04934011852246999,
    "price_change_24h": 0.0,
    "volume_change_1h": 0.005097871800309984,
    "volume_change_4h": 0.02142978177763927,
    "volume_change_24h": 0.0,
    "volatility": 0.008299853773124465,
    "trend_strength": 0.03914662272110643,
    "support_distance": 0.0029064123756644545,
    "resistance_distance": 0.04043561739947076
  },
  "training_date": "2025-08-05T19:34:53.295261"
}