{
  "accuracy": 0.9,
  "precision": 0.8913043478260869,
  "recall": 0.7321428571428571,
  "f1_score": 0.8039215686274508,
  "cv_mean": 0.7163870434186609,
  "cv_std": 0.052113151002282775,
  "best_params": {
    "C": 10.0,
    "gamma": "scale",
    "kernel": "rbf"
  },
  "feature_importance": {},
  "training_date": "2025-08-05T19:05:54.789416"
}