{
  "accuracy": 0.91,
  "precision": 0.8653846153846154,
  "recall": 0.8035714285714286,
  "f1_score": 0.8333333333333334,
  "cv_mean": 0.775938891461816,
  "cv_std": 0.03693497519104845,
  "best_params": {
    "max_depth": "20",
    "min_samples_split": "2",
    "n_estimators": "100"
  },
  "feature_importance": {
    "rsi": 0.0305331281145713,
    "macd": 0.04272264876025135,
    "macd_signal": 0.04893645821925385,
    "bb_upper": 0.04576721268528029,
    "bb_lower": 0.07149927017309465,
    "atr": 0.040234638778419846,
    "volume_ratio": 0.018717985894257695,
    "price_momentum": 0.03472430157180064,
    "stoch_k": 0.029322610372034274,
    "stoch_d": 0.026735175001555415,
    "williams_r": 0.03379738317943107,
    "cci": 0.022742553899465823,
    "sma_20": 0.05437778991370454,
    "sma_50": 0.05737924557291468,
    "ema_12": 0.055007276681804045,
    "ema_26": 0.05641065250496233,
    "price_change_1h": 0.06337008523954166,
    "price_change_4h": 0.08317662468606676,
    "price_change_24h": 0.0,
    "volume_change_1h": 0.027280910971303363,
    "volume_change_4h": 0.028652386897290376,
    "volume_change_24h": 0.0,
    "volatility": 0.027731025115174127,
    "trend_strength": 0.041678045322693445,
    "support_distance": 0.030119730276610388,
    "resistance_distance": 0.029082860168518132
  },
  "training_date": "2025-08-05T19:35:14.913895"
}