{
  "accuracy": 0.925,
  "precision": 0.9183673469387755,
  "recall": 0.8035714285714286,
  "f1_score": 0.8571428571428571,
  "cv_mean": 0.7871742911549938,
  "cv_std": 0.03129403251232488,
  "best_params": {
    "learning_rate": 0.2,
    "max_depth": 5,
    "n_estimators": 100
  },
  "feature_importance": {
    "rsi": 