{
  "accuracy": 0.92,
  "precision": 0.9166666666666666,
  "recall": 0.7857142857142857,
  "f1_score": 0.8461538461538461,
  "cv_mean": 0.7929282813784516,
  "cv_std": 0.061670546435216814,
  "best_params": {
    "learning_rate": 0.2,
    "max_depth": 3,
    "n_estimators": 200
  },
  "feature_importance": {
    "rsi": 0.012837966786795205,
    "macd": 0.07995744399698389,
    "macd_signal": 0.03833317174442991,
    "bb_upper": 0.024542315631696378,
    "bb_lower": 0.15009581457519441,
    "atr": 0.01506256737300648,
    "volume_ratio": 0.010498312539980811,
    "price_momentum": 0.032327649257046065,
    "stoch_k": 0.00784100681932621,
    "stoch_d": 0.043988152231862615,
    "williams_r": 0.016407556145603984,
    "cci": 0.01989712251165127,
    "sma_20": 0.038884202407064264,
    "sma_50": 0.06264044500849562,
    "ema_12": 0.03779519333660811,
    "ema_26": 0.04463709771540025,
    "price_change_1h": 0.08192977159103625,
    "price_change_4h": 0.1768140832101205,
    "price_change_24h": 0.0,
    "volume_change_1h": 0.010780023320950304,
    "volume_change_4h": 0.014188330660817672,
    "volume_change_24h": 0.0,
    "volatility": 0.009666618601785202,
    "trend_strength": 0.028988553084078376,
    "support_distance": 0.02276865068864524,
    "resistance_distance": 0.01911795076142109
  },
  "training_date": "2025-08-05T19:05:52.344690"
}