{
  "accuracy": 0.935,
  "precision": 0.8571428571428571,
  "recall": 0.5217391304347826,
  "f1_score": 0.6486486486486486,
  "cv_mean": 0.7377042290517468,
  "cv_std": 0.07376712816586821,
  "best_params": {
    "max_depth": "20",
    "min_samples_split": "2",
    "n_estimators": "50"
  },
  "feature_importance": {
    "rsi": 0.030217765844370435,
    "macd": 0.036050440604825075,
    "macd_signal": 0.04985120335668536,
    "bb_upper": 0.04584157617926447,
    "bb_lower": 0.11300536287357024,
    "atr": 0.03686690479932989,
    "volume_ratio": 0.014166788243582907,
    "price_momentum": 0.03289229605302175,
    "stoch_k": 0.022987712547111204,
    "stoch_d": 0.02599401235214923,
    "williams_r": 0.026337094708575273,
    "cci": 0.026743686657635945,
    "sma_20": 0.05585634918927215,
    "sma_50": 0.06811274088620539,
    "ema_12": 0.09204344492692819,
    "ema_26": 0.06591360042314409,
    "price_change_1h": 0.02167858108987567,
    "price_change_4h": 0.0363104836135144,
    "price_change_24h": 0.0,
    "volume_change_1h": 0.016074011641632472,
    "volume_change_4h": 0.025313032669557846,
    "volume_change_24h": 0.0,
    "volatility": 0.053304482161938366,
    "trend_strength": 0.05376124216425912,
    "support_distance": 0.024564260610601806,
    "resistance_distance": 0.02611292640294871
  },
  "training_date": "2025-08-05T19:21:40.398310"
}