{
  "accuracy": 0.93,
  "precision": 0.7647058823529411,
  "recall": 0.5652173913043478,
  "f1_score": 0.65,
  "cv_mean": 0.6659755449229133,
  "cv_std": 0.09980078575200843,
  "best_params": {
    "learning_rate": "0.1",
    "max_depth": "5",
    "n_estimators": "100"
  },
  "feature_importance": {
    "rsi": 0.041628818958997726,
    "macd": 0.023179585114121437,
    "macd_signal": 0.017558898776769638,
    "bb_upper": 0.02487156353890896,
    "bb_lower": 0.039978981018066406,
    "atr": 0.02235373482108116,
    "volume_ratio": 0.008181529119610786,
    "price_momentum": 0.021373454481363297,
    "stoch_k": 0.033653873950242996,
    "stoch_d": 0.0809730589389801,
    "williams_r": 0.027009638026356697,
    "cci": 0.020074723288416862,
    "sma_20": 0.020752355456352234,
    "sma_50": 0.1036510318517685,
    "ema_12": 0.20192764699459076,
    "ema_26": 0.0819898247718811,
    "price_change_1h": 0.026002947241067886,
    "price_change_4h": 0.03829873725771904,
    "price_change_24h": 0.0,
    "volume_change_1h": 0.008296824060380459,
    "volume_change_4h": 0.02242187410593033,
    "volume_change_24h": 0.0,
    "volatility": 0.055172573775053024,
    "trend_strength": 0.04895660653710365,
    "support_distance": 0.01234996598213911,
    "resistance_distance": 0.01934177242219448
  },
  "training_date": "2025-08-05T19:23:44.445993"
}