{
  "accuracy": 0.95,
  "precision": 0.8095238095238095,
  "recall": 0.7391304347826086,
  "f1_score": 0.7727272727272727,
  "cv_mean": 0.7894911982962297,
  "cv_std": 0.04419316977408988,
  "best_params": {
    "learning_rate": "0.2",
    "max_depth": "7",
    "n_estimators": "100"
  },
  "feature_importance": {
    "rsi": 0.043864971005734714,
    "macd": 0.03624367099337583,
    "macd_signal": 0.03590834371682494,
    "bb_upper": 0.009648506390743211,
    "bb_lower": 0.009348288216172524,
    "atr": 0.020760809652975703,
    "volume_ratio": 0.0010222620504674947,
    "price_momentum": 0.017579034548176064,
    "stoch_k": 0.019958929473159782,
    "stoch_d": 0.08253586767738663,
    "williams_r": 0.0027405967797692406,
    "cci": 0.00919254499943637,
    "sma_20": 0.01081004733822199,
    "sma_50": 0.07898543744150355,
    "ema_12": 0.267448747984477,
    "ema_26": 0.07092203319033122,
    "price_change_1h": 0.014726130935205917,
    "price_change_4h": 0.020985768976892093,
    "price_change_24h": 0.0,
    "volume_change_1h": 0.000503352641479353,
    "volume_change_4h": 0.019878827733280358,
    "volume_change_24h": 0.0,
    "volatility": 0.06640792859701085,
    "trend_strength": 0.09180728121991988,
    "support_distance": 0.05633255758388866,
    "resistance_distance": 0.012388060853566564
  },
  "training_date": "2025-08-05T19:23:28.050403"
}