{
  "accuracy": 0.91,
  "precision": 0.8795180722891566,
  "recall": 0.9012345679012346,
  "f1_score": 0.8902439024390244,
  "cv_mean": 0.8842654295397507,
  "cv_std": 0.02671605962638072,
  "best_params": {
    "max_depth": 10,
    "min_samples_split": 2,
    "n_estimators": 200
  },
  "feature_importance": {
    "rsi": 0.030062971796054817,
    "macd": 0.04202595830388449,
    "macd_signal": 0.04565241558633144,
    "bb_upper": 0.06464652121830351,
    "bb_lower": 0.061171696308673085,
    "atr": 0.04742147610505991,
    "volume_ratio": 0.014270270031338943,
    "price_momentum": 0.01733546960158042,
    "stoch_k": 0.02156591796321689,
    "stoch_d": 0.019955282824844926,
    "williams_r": 0.017566132300028948,
    "cci": 0.0192610417095435,
    "sma_20": 0.05460778752245954,
    "sma_50": 0.07833394013454031,
    "ema_12": 0.07734230796574947,
    "ema_26": 0.06189918988293039,
    "price_change_1h": 0.04470584484891516,
    "price_change_4h": 0.07328440231506991,
    "price_change_24h": 0.0,
    "volume_change_1h": 0.02037626324125197,
    "volume_change_4h": 0.034727874276847676,
    "volume_change_24h": 0.0,
    "volatility": 0.05495561373514042,
    "trend_strength": 0.04831290332022196,
    "support_distance": 0.027698923667906983,
    "resistance_distance": 0.022819795340105444
  },
  "training_date": "2025-08-05T19:06:39.016093"
}