{
  "accuracy": 0.72,
  "precision": 0.6582278481012658,
  "recall": 0.6419753086419753,
  "f1_score": 0.6499999999999999,
  "cv_mean": 0.6048633809646046,
  "cv_std": 0.025498994657088686,
  "best_params": {
    "C": 10.0,
    "penalty": "l2",
    "solver": "saga"
  },
  "feature_importance": {
    "rsi": 0.43142808922653353,
    "macd": 2.697387667884021,
    "macd_signal": 2.013861441360295,
    "bb_upper": 0.14778979567795397,
    "bb_lower": 0.07690811032892539,
    "atr": 0.2286754411196199,
    "volume_ratio": 0.049939679338949064,
    "price_momentum": 0.03300548063902424,
    "stoch_k": 1.5815338303438375,
    "stoch_d": 0.6592079283665467,
    "williams_r": 1.2644167738711125,
    "cci": 0.10592837043948251,
    "sma_20": 0.04112343718645695,
    "sma_50": 1.4496510834688223,
    "ema_12": 2.0988100477047085,
    "ema_26": 1.9520072196808105,
    "price_change_1h": 0.008068600455165654,
    "price_change_4h": 2.9278150923573527,
    "price_change_24h": 0.0,
    "volume_change_1h": 0.053648890232656316,
    "volume_change_4h": 0.13705900721578945,
    "volume_change_24h": 0.0,
    "volatility": 1.0218744429952171,
    "trend_strength": 0.4900916765949944,
    "support_distance": 0.47612082657082744,
    "resistance_distance": 0.6837060647069276
  },
  "training_date": "2025-08-05T19:07:38.854421"
}