{
  "accuracy": 0.93,
  "precision": 0.9036144578313253,
  "recall": 0.9259259259259259,
  "f1_score": 0.9146341463414634,
  "cv_mean": 0.8875794276413578,
  "cv_std": 0.011463482120299155,
  "best_params": {
    "learning_rate": 0.2,
    "max_depth": 7,
    "n_estimators": 200
  },
  "feature_importance": {
    "rsi": 0.02166989389362782,
    "macd": 0.04931264822535408,
    "macd_signal": 0.040909584290133444,
    "bb_upper": 0.041570958424855725,
    "bb_lower": 0.05479200635039664,
    "atr": 0.05940426398836672,
    "volume_ratio": 0.004600565524858572,
    "price_momentum": 0.013039496782542518,
    "stoch_k": 0.004922400833004128,
    "stoch_d": 0.017085615538298616,
    "williams_r": 0.010744935388993404,
    "cci": 0.023033665973543147,
    "sma_20": 0.03042808687280485,
    "sma_50": 0.10224305006040248,
    "ema_12": 0.15609071406750397,
    "ema_26": 0.03794256593375827,
    "price_change_1h": 0.04738298664570277,
    "price_change_4h": 0.10955663449022747,
    "price_change_24h": 0.0,
    "volume_change_1h": 0.008762414325993105,
    "volume_change_4h": 0.04647069663043896,
    "volume_change_24h": 0.0,
    "volatility": 0.03946503177378368,
    "trend_strength": 0.04755313056715538,
    "support_distance": 0.014756713611779236,
    "resistance_distance": 0.018261939806475058
  },
  "training_date": "2025-08-05T19:07:37.186544"
}