{
  "accuracy": 0.83,
  "precision": 0.8133333333333334,
  "recall": 0.7530864197530864,
  "f1_score": 0.782051282051282,
  "cv_mean": 0.813907750713853,
  "cv_std": 0.04497544747311784,
  "best_params": {
    "alpha": 0.0001,
    "hidden_layer_sizes": [
      50,
      25
    ],
    "learning_rate": "constant"
  },
  "feature_importance": {},
  "training_date": "2025-08-05T19:07:58.718116"
}