{
  "accuracy": 0.94,
  "precision": 0.952755905511811,
  "recall": 0.952755905511811,
  "f1_score": 0.952755905511811,
  "cv_mean": 0.9397944046409806,
  "cv_std": 0.012634092830340386,
  "best_params": {
    "learning_rate": "0.2",
    "max_depth": "5",
    "n_estimators": "100"
  },
  "feature_importance": {
    "rsi": 0.043123683465800845,
    "macd": 0.006335283630184399,
    "macd_signal": 0.029571622903070284,
    "bb_upper": 0.035140111120539094,
    "bb_lower": 0.03377072548842257,
    "atr": 0.21865412919506125,
    "volume_ratio": 0.004289203315016827,
    "price_momentum": 0.01819777102868938,
    "stoch_k": 0.005031105745063251,
    "stoch_d": 0.009056548034731582,
    "williams_r": 0.007524242130551362,
    "cci": 0.014532898391706801,
    "sma_20": 0.04845618223534574,
    "sma_50": 0.06732241727858225,
    "ema_12": 0.07879269663521503,
    "ema_26": 0.04413574510889598,
    "price_change_1h": 0.07787134076519818,
    "price_change_4h": 0.011769987718132499,
    "price_change_24h": 0.0,
    "volume_change_1h": 0.014942538020336927,
    "volume_change_4h": 0.024141707191947626,
    "volume_change_24h": 0.0,
    "volatility": 0.021843779189154196,
    "trend_strength": 0.08866056723715822,
    "support_distance": 0.011662036189755542,
    "resistance_distance": 0.08517367798144018
  },
  "training_date": "2025-08-05T19:25:43.826909"
}