{
  "accuracy": 0.94,
  "precision": 0.9389312977099237,
  "recall": 0.968503937007874,
  "f1_score": 0.9534883720930233,
  "cv_mean": 0.9428533778884081,
  "cv_std": 0.01485157610756189,
  "best_params": {
    "max_depth": "10",
    "min_samples_split": "5",
    "n_estimators": "200"
  },
  "feature_importance": {
    "rsi": 0.026471506324869033,
    "macd": 0.029095457402140108,
    "macd_signal": 0.030475763510082656,
    "bb_upper": 0.07252567678578387,
    "bb_lower": 0.054588689395291906,
    "atr": 0.08203269679172351,
    "volume_ratio": 0.013364038265936854,
    "price_momentum": 0.020354853661420393,
    "stoch_k": 0.015938520966717662,
    "stoch_d": 0.015736771351780674,
    "williams_r": 0.02055885016909438,
    "cci": 0.02192526219952362,
    "sma_20": 0.07651277272648717,
    "sma_50": 0.07473955618424795,
    "ema_12": 0.06672711585771807,
    "ema_26": 0.0696488886013266,
    "price_change_1h": 0.06525943169624303,
    "price_change_4h": 0.044545409527096326,
    "price_change_24h": 0.0,
    "volume_change_1h": 0.024442703464420325,
    "volume_change_4h": 0.026397292812427964,
    "volume_change_24h": 0.0,
    "volatility": 0.03006051478997551,
    "trend_strength": 0.06859718097070024,
    "support_distance": 0.01983029752387469,
    "resistance_distance": 0.030170749021117563
  },
  "training_date": "2025-08-05T19:23:53.712508"
}