{
  "accuracy": 0.935,
  "precision": 0.9453125,
  "recall": 0.952755905511811,
  "f1_score": 0.9490196078431371,
  "cv_mean": 0.9386867989669464,
  "cv_std": 0.01973741636169955,
  "best_params": {
    "learning_rate": "0.1",
    "max_depth": "5",
    "n_estimators": "100"
  },
  "feature_importance": {
    "rsi": 0.03088059276342392,
    "macd": 0.020252516493201256,
    "macd_signal": 0.034366704523563385,
    "bb_upper": 0.028442613780498505,
    "bb_lower": 0.043652232736349106,
    "atr": 0.1119024008512497,
    "volume_ratio": 0.013402003794908524,
    "price_momentum": 0.019889220595359802,
    "stoch_k": 0.012381785549223423,
    "stoch_d": 0.020792584866285324,
    "williams_r": 0.01867714151740074,
    "cci": 0.02644806168973446,
    "sma_20": 0.09209060668945312,
    "sma_50": 0.06821655482053757,
    "ema_12": 0.0825166255235672,
    "ema_26": 0.033217620104551315,
    "price_change_1h": 0.06632218509912491,
    "price_change_4h": 0.04890184849500656,
    "price_change_24h": 0.0,
    "volume_change_1h": 0.020196445286273956,
    "volume_change_4h": 0.026568735018372536,
    "volume_change_24h": 0.0,
    "volatility": 0.029458340257406235,
    "trend_strength": 0.060753196477890015,
    "support_distance": 0.018888209015130997,
    "resistance_distance": 0.07178173959255219
  },
  "training_date": "2025-08-05T19:25:59.337368"
}