{
  "accuracy": 0.91,
  "precision": 0.9097744360902256,
  "recall": 0.952755905511811,
  "f1_score": 0.9307692307692308,
  "cv_mean": 0.939520960022796,
  "cv_std": 0.01884671113703998,
  "best_params": {
    "learning_rate": "0.1",
    "max_depth": "5",
    "min_child_samples": "20",
    "n_estimators": "100",
    "num_leaves": "31"
  },
  "feature_importance": {
    "rsi": 61.0,
    "macd": 21.0,
    "macd_signal": 35.0,
    "bb_upper": 66.0,
    "bb_lower": 90.0,
    "atr": 77.0,
    "volume_ratio": 35.0,
    "price_momentum": 71.0,
    "stoch_k": 33.0,
    "stoch_d": 31.0,
    "williams_r": 23.0,
    "cci": 27.0,
    "sma_20": 41.0,
    "sma_50": 50.0,
    "ema_12": 47.0,
    "ema_26": 26.0,
    "price_change_1h": 81.0,
    "price_change_4h": 18.0,
    "price_change_24h": 0.0,
    "volume_change_1h": 67.0,
    "volume_change_4h": 30.0,
    "volume_change_24h": 0.0,
    "volatility": 35.0,
    "trend_strength": 91.0,
    "support_distance": 23.0,
    "resistance_distance": 68.0
  },
  "training_date": "2025-08-05T19:25:59.470964"
}