{
  "accuracy": 0.94,
  "precision": 0.8888888888888888,
  "recall": 0.6153846153846154,
  "f1_score": 0.7272727272727274,
  "cv_mean": 0.7169472502805837,
  "cv_std": 0.06563574640900335,
  "best_params": {
    "learning_rate": "0.1",
    "max_depth": "5",
    "min_child_samples": "20",
    "n_estimators": "100",
    "num_leaves": "31"
  },
  "feature_importance": {
    "rsi": 45.0,
    "macd": 61.0,
    "macd_signal": 77.0,
    "bb_upper": 67.0,
    "bb_lower": 96.0,
    "atr": 65.0,
    "volume_ratio": 45.0,
    "price_momentum": 53.0,
    "stoch_k": 38.0,
    "stoch_d": 35.0,
    "williams_r": 6.0,
    "cci": 49.0,
    "sma_20": 53.0,
    "sma_50": 49.0,
    "ema_12": 68.0,
    "ema_26": 35.0,
    "price_change_1h": 59.0,
    "price_change_4h": 103.0,
    "price_change_24h": 0.0,
    "volume_change_1h": 37.0,
    "volume_change_4h": 37.0,
    "volume_change_24h": 0.0,
    "volatility": 55.0,
    "trend_strength": 69.0,
    "support_distance": 64.0,
    "resistance_distance": 55.0
  },
  "training_date": "2025-08-05T19:28:20.179626"
}