{
  "accuracy": 0.955,
  "precision": 0.8695652173913043,
  "recall": 0.7692307692307693,
  "f1_score": 0.8163265306122449,
  "cv_mean": 0.6798539508279142,
  "cv_std": 0.09455962372411005,
  "best_params": {
    "learning_rate": "0.1",
    "max_depth": "5",
    "n_estimators": "100"
  },
  "feature_importance": {
    "rsi": 0.03490554168820381,
    "macd": 0.049276482313871384,
    "macd_signal": 0.11870887875556946,
    "bb_upper": 0.03883842006325722,
    "bb_lower": 0.07048215717077255,
    "atr": 0.05874524638056755,
    "volume_ratio": 0.016662592068314552,
    "price_momentum": 0.018999159336090088,
    "stoch_k": 0.020938966423273087,
    "stoch_d": 0.03284665569663048,
    "williams_r": 0.012003927491605282,
    "cci": 0.07442104071378708,
    "sma_20": 0.06238660216331482,
    "sma_50": 0.05146784335374832,
    "ema_12": 0.039381157606840134,
    "ema_26": 0.03891918063163757,
    "price_change_1h": 0.021436728537082672,
    "price_change_4h": 0.07992091774940491,
    "price_change_24h": 0.0,
    "volume_change_1h": 0.010564678348600864,
    "volume_change_4h": 0.018185842782258987,
    "volume_change_24h": 0.0,
    "volatility": 0.036346856504678726,
    "trend_strength": 0.03592216596007347,
    "support_distance": 0.026339448988437653,
    "resistance_distance": 0.032299529761075974
  },
  "training_date": "2025-08-05T19:28:20.016474"
}