{
  "accuracy": 0.93,
  "precision": 0.8333333333333334,
  "recall": 0.5769230769230769,
  "f1_score": 0.6818181818181818,
  "cv_mean": 0.6897836895668169,
  "cv_std": 0.0351396473828045,
  "best_params": {
    "max_depth": "20",
    "min_samples_split": "5",
    "n_estimators": "200"
  },
  "feature_importance": {
    "rsi": 0.021115856110202644,
    "macd": 0.054843727727430694,
    "macd_signal": 0.07715983154118196,
    "bb_upper": 0.05669325154083518,
    "bb_lower": 0.06799217158877169,
    "atr": 0.0448463187061943,
    "volume_ratio": 0.019501635546447335,
    "price_momentum": 0.02138530820881239,
    "stoch_k": 0.020878559474216223,
    "stoch_d": 0.03450512537669956,
    "williams_r": 0.02503121289926813,
    "cci": 0.02560490307824527,
    "sma_20": 0.05938697068654999,
    "sma_50": 0.06800803142191195,
    "ema_12": 0.050340922285053304,
    "ema_26": 0.0500207547781144,
    "price_change_1h": 0.034856474696662636,
    "price_change_4h": 0.06975491150011438,
    "price_change_24h": 0.0,
    "volume_change_1h": 0.014855799823750815,
    "volume_change_4h": 0.02377716568036234,
    "volume_change_24h": 0.0,
    "volatility": 0.036319743233044995,
    "trend_strength": 0.052413185329665046,
    "support_distance": 0.03156615758664928,
    "resistance_distance": 0.03914198117981559
  },
  "training_date": "2025-08-05T19:26:07.039890"
}