{
  "accuracy": 0.95,
  "precision": 0.9,
  "recall": 0.6923076923076923,
  "f1_score": 0.7826086956521738,
  "cv_mean": 0.725556206088993,
  "cv_std": 0.0693214158770669,
  "best_params": {
    "learning_rate": "0.1",
    "max_depth": "5",
    "n_estimators": "200"
  },
  "feature_importance": {
    "rsi": 0.029326369191407884,
    "macd": 0.02316649411337645,
    "macd_signal": 0.11525647021454626,
    "bb_upper": 0.08996147282381985,
    "bb_lower": 0.06976125921037074,
    "atr": 0.07873011193682945,
    "volume_ratio": 0.0188673332284734,
    "price_momentum": 0.007106105669952311,
    "stoch_k": 0.024422703449554245,
    "stoch_d": 0.0188148537070979,
    "williams_r": 0.011311678387536127,
    "cci": 0.03879487324932934,
    "sma_20": 0.02792366743789311,
    "sma_50": 0.05159421927733484,
    "ema_12": 0.062396710313489596,
    "ema_26": 0.018874645133043697,
    "price_change_1h": 0.021770206473345422,
    "price_change_4h": 0.12456199730510206,
    "price_change_24h": 0.0,
    "volume_change_1h": 0.0126287672070605,
    "volume_change_4h": 0.004439676809311344,
    "volume_change_24h": 0.0,
    "volatility": 0.045794375350914074,
    "trend_strength": 0.06851137719951501,
    "support_distance": 0.023051303138438086,
    "resistance_distance": 0.012933329172258293
  },
  "training_date": "2025-08-05T19:28:01.729185"
}