{
  "accuracy": 0.925,
  "precision": 0.8518518518518519,
  "recall": 0.6764705882352942,
  "f1_score": 0.7540983606557378,
  "cv_mean": 0.6494156250253811,
  "cv_std": 0.03927796836128894,
  "best_params": {
    "learning_rate": "0.1",
    "max_depth": "5",
    "min_child_samples": "20",
    "n_estimators": "100",
    "num_leaves": "31"
  },
  "feature_importance": {
    "rsi": 41.0,
    "macd": 50.0,
    "macd_signal": 61.0,
    "bb_upper": 73.0,
    "bb_lower": 85.0,
    "atr": 57.0,
    "volume_ratio": 50.0,
    "price_momentum": 62.0,
    "stoch_k": 17.0,
    "stoch_d": 32.0,
    "williams_r": 16.0,
    "cci": 29.0,
    "sma_20": 49.0,
    "sma_50": 63.0,
    "ema_12": 53.0,
    "ema_26": 58.0,
    "price_change_1h": 59.0,
    "price_change_4h": 111.0,
    "price_change_24h": 0.0,
    "volume_change_1h": 30.0,
    "volume_change_4h": 64.0,
    "volume_change_24h": 0.0,
    "volatility": 79.0,
    "trend_strength": 57.0,
    "support_distance": 38.0,
    "resistance_distance": 51.0
  },
  "training_date": "2025-08-05T19:32:50.620737"
}