{
  "accuracy": 0.855,
  "precision": 1.0,
  "recall": 0.14705882352941177,
  "f1_score": 0.25641025641025644,
  "cv_mean": 0.06267806267806268,
  "cv_std": 0.04646583028575524,
  "best_params": {
    "C": "10.0",
    "penalty": "l1",
    "solver": "liblinear"
  },
  "feature_importance": {
    "rsi": 0.34007570239282686,
    "macd": 1.5130355735118475,
    "macd_signal": 0.9600587694962756,
    "bb_upper": 0.0,
    "bb_lower": 0.8975283237885139,
    "atr": 0.862194767025546,
    "volume_ratio": 0.5874583690593442,
    "price_momentum": 0.27249100495713985,
    "stoch_k": 0.2232640579787402,
    "stoch_d": 0.8732073071651895,
    "williams_r": 0.0,
    "cci": 0.0023646867814039975,
    "sma_20": 0.0,
    "sma_50": 0.16810410196372305,
    "ema_12": 0.22967069855500016,
    "ema_26": 0.0,
    "price_change_1h": 0.0,
    "price_change_4h": 0.42124224958826934,
    "price_change_24h": 0.0,
    "volume_change_1h": 0.05845977779912403,
    "volume_change_4h": 0.42691611261227114,
    "volume_change_24h": 0.0,
    "volatility": 0.5742632818060949,
    "trend_strength": 0.4548159285695405,
    "support_distance": 0.0,
    "resistance_distance": 0.17634340265151943
  },
  "training_date": "2025-08-05T19:32:38.422429"
}