{
  "accuracy": 0.93,
  "precision": 0.8571428571428571,
  "recall": 0.7058823529411765,
  "f1_score": 0.7741935483870968,
  "cv_mean": 0.7459559879076524,
  "cv_std": 0.005135638707993063,
  "best_params": {
    "learning_rate": "0.2",
    "max_depth": "7",
    "n_estimators": "50"
  },
  "feature_importance": {
    "rsi": 0.05149635401660249,
    "macd": 0.013409906862889372,
    "macd_signal": 0.02310745063814776,
    "bb_upper": 0.026486930135173288,
    "bb_lower": 0.07084563321552759,
    "atr": 0.03640337306442186,
    "volume_ratio": 0.04270684382895504,
    "price_momentum": 0.014077478226483127,
    "stoch_k": 0.011448251860841478,
    "stoch_d": 0.020757989059400895,
    "williams_r": 0.017866746199068487,
    "cci": 0.0004906701994475792,
    "sma_20": 0.05777414398344942,
    "sma_50": 0.09427426381938085,
    "ema_12": 0.052664019693414575,
    "ema_26": 0.0674920483931013,
    "price_change_1h": 0.040632568506043916,
    "price_change_4h": 0.20923836236683335,
    "price_change_24h": 0.0,
    "volume_change_1h": 0.009912544981570069,
    "volume_change_4h": 0.01790817612181197,
    "volume_change_24h": 0.0,
    "volatility": 0.03802425649008642,
    "trend_strength": 0.03604036842659321,
    "support_distance": 0.004842655803505337,
    "resistance_distance": 0.042098964107250746
  },
  "training_date": "2025-08-05T19:32:37.870169"
}