{
  "accuracy": 0.92,
  "precision": 0.875,
  "recall": 0.6176470588235294,
  "f1_score": 0.7241379310344829,
  "cv_mean": 0.6936882435974995,
  "cv_std": 0.02532458818670558,
  "best_params": {
    "max_depth": "20",
    "min_samples_split": "2",
    "n_estimators": "200"
  },
  "feature_importance": {
    "rsi": 0.024976326577194573,
    "macd": 0.0379860711580988,
    "macd_signal": 0.036037735248637494,
    "bb_upper": 0.04841311396044474,
    "bb_lower": 0.06202513449102742,
    "atr": 0.04192619371862606,
    "volume_ratio": 0.02302504749228026,
    "price_momentum": 0.02539682711336472,
    "stoch_k": 0.021477130209054132,
    "stoch_d": 0.02653417932705866,
    "williams_r": 0.023363101749810426,
    "cci": 0.021964084364630296,
    "sma_20": 0.05828917833516604,
    "sma_50": 0.06191596586287753,
    "ema_12": 0.05675010421535883,
    "ema_26": 0.07671770935734958,
    "price_change_1h": 0.05313195696926383,
    "price_change_4h": 0.09502172404958759,
    "price_change_24h": 0.0,
    "volume_change_1h": 0.021422600895339743,
    "volume_change_4h": 0.03299689204475755,
    "volume_change_24h": 0.0,
    "volatility": 0.055528539538056594,
    "trend_strength": 0.03438789755727658,
    "support_distance": 0.023789684923014504,
    "resistance_distance": 0.036922800841724
  },
  "training_date": "2025-08-05T19:30:42.715753"
}