{
  "accuracy": 0.915,
  "precision": 0.8695652173913043,
  "recall": 0.5882352941176471,
  "f1_score": 0.7017543859649124,
  "cv_mean": 0.6475345813701529,
  "cv_std": 0.02490163862516296,
  "best_params": {
    "learning_rate": "0.1",
    "max_depth": "5",
    "n_estimators": "100"
  },
  "feature_importance": {
    "rsi": 0.04105124995112419,
    "macd": 0.03431960195302963,
    "macd_signal": 0.04072147235274315,
    "bb_upper": 0.05802714824676514,
    "bb_lower": 0.05956818908452988,
    "atr": 0.04675903543829918,
    "volume_ratio": 0.02569485269486904,
    "price_momentum": 0.023477913811802864,
    "stoch_k": 0.013605731539428234,
    "stoch_d": 0.020816002041101456,
    "williams_r": 0.03677909076213837,
    "cci": 0.018714221194386482,
    "sma_20": 0.086340993642807,
    "sma_50": 0.04232901334762573,
    "ema_12": 0.032927218824625015,
    "ema_26": 0.11737825721502304,
    "price_change_1h": 0.038204822689294815,
    "price_change_4h": 0.086358942091465,
    "price_change_24h": 0.0,
    "volume_change_1h": 0.014326019212603569,
    "volume_change_4h": 0.025796011090278625,
    "volume_change_24h": 0.0,
    "volatility": 0.039045438170433044,
    "trend_strength": 0.03641480952501297,
    "support_distance": 0.020148996263742447,
    "resistance_distance": 0.04119500517845154
  },
  "training_date": "2025-08-05T19:32:50.453507"
}